email,change in affect,change in cognitive competence,change in difficulty,change in interest,change in effort
Interesting,-1.44,-4.65,1.35,0.39,-3.3
Plain,-5.52,0.44,-0.44,-1.63,-3.49
Plain,2.77,1.34,-1.39,2.18,4.46
Interesting,-1.46,-4.33,-3.04,-0.84,-2.21
Interesting,-1.49,-0.02,3.55,3.44,0.56
Interesting,1.54,-3.14,0.33,1.16,0.03
Interesting,-0.19,1.56,-1.45,1.6,3.1
Interesting,-4.13,-2.5,-4.96,-2.84,-3.14
Interesting,-4,0.25,-0.94,1.06,-0.16
Plain,0.66,-4.43,4.51,0.46,-3.68
Interesting,-3.43,1.08,3.07,-2.42,-3.52
Interesting,0.22,0.97,0.32,-1.16,0.24
Interesting,-0.14,5.11,4.38,1.09,2.5
Plain,3.39,3.05,2.27,1.89,4.27
Interesting,-1.01,-2.05,0.56,-2.73,-3.25
Plain,4.76,0.19,-1.67,-1.73,2.33
Interesting,1,0.58,-4.99,-1.14,2.58
Plain,-1.02,-2.56,0.67,-0.93,-2.57
Plain,2.04,3.03,-2.08,-0.85,3.21
Interesting,-5.03,1.96,-0.38,-0.73,-1.06
Interesting,0.15,5.12,-0.46,-4.86,0.45
Interesting,-1.31,-0.81,-1.88,-0.65,-0.28
Plain,-0.71,0.89,-0.88,0.38,0.98
Plain,2.98,1.91,-0.28,4.88,6.27
Interesting,2.07,1.84,1.34,-0.36,1.84
Plain,3.14,-0.56,-0.26,4.02,4.48
Interesting,3.23,0.54,-2.75,-1.44,2.63
Plain,-2.89,-2.36,-1.47,2.39,-0.28
Plain,-0.46,-1.05,-1.25,-2.04,-1.72
Plain,-2.16,2.78,-0.02,-4.01,-1.82
Interesting,0.41,-1,-2.65,0,1.14
Interesting,3.82,-3.36,0.17,-5.44,-3.56
Interesting,-0.82,0.9,3.3,1.83,0.67
Plain,2.05,-3.13,-2.74,3.77,3.14
Plain,-1.59,1.54,-0.1,-4.33,-2.62
Interesting,0.91,-3.96,2.61,3.17,-0.22
Interesting,-0.24,2.32,2.68,-0.6,0.24
Plain,1.11,1.23,-3.94,1.25,3.78
Interesting,-0.55,3.61,-0.04,-3.47,-0.03
Interesting,-1.05,4.61,-2.25,-1.84,2.33
Interesting,-1.63,2.22,-0.52,-0.89,0.53
Plain,0.37,-0.45,-3.33,5.3,5.18
Interesting,-1.04,-1.78,2.36,2.84,0.05
Interesting,2.25,-1.01,-1.46,1.08,2.38
Plain,-4.44,2.72,0.59,-0.85,-1.2
Plain,-4.66,2.23,-3.2,4.99,4.08
Plain,2.33,4.58,-1.09,-3.5,2.05
Plain,-4.85,1.02,-3.78,1,0.32
Interesting,0.3,-1.77,-2.74,-2.12,-0.86
Plain,-2.24,-0.67,-3.02,3.57,2.49
Plain,-3.81,-2.58,-0.05,0.66,-2.82
Interesting,-4.33,-1.51,-0.53,0.69,-1.7
Interesting,-4.41,1.16,0.41,-3.16,-3.31
Plain,5.04,0.35,-2.64,-2.85,1.99
Plain,-1.57,2.24,0.33,1.27,1.52
Plain,-2.22,-1.32,-3.1,-2.32,-2.23
Plain,5.15,-3.27,2.37,0.59,0.38
Interesting,0.8,1.85,-1.37,4.83,5.97
Plain,3.25,-3.5,0.87,2.63,1.24
Plain,1.15,0.79,1.01,-0.83,0.11
Interesting,-0.64,2.67,1.59,3.46,3.41
Plain,1.04,-0.3,0.7,-0.29,0.08
Interesting,-1.32,5.54,1.01,3.25,5.03
Interesting,3.45,4.09,-0.27,-3.34,2.23
Plain,1.43,1.95,-0.72,-2.8,0.52
Interesting,2.96,1.08,-1,1,3.67
Plain,2.19,2.16,3.92,1.07,1.78
Plain,0.7,-2.4,2.98,-1.59,-3.32
Interesting,0.58,-5.23,0.39,-0.87,-3.23
Interesting,0.57,-3.8,-4.63,-1.78,-0.79
Interesting,-0.42,2.81,4.2,-0.23,0.22
Plain,-1.84,2.99,3.93,0.49,-0.1
Interesting,0.82,0.09,2.41,0.17,0.01
Plain,-0.96,-0.6,2.71,-4.55,-4.67
Plain,-0.09,-1.03,-1.61,1.19,0.92
Plain,0.07,-0.33,2.06,-1.72,-1.9
Interesting,-0.94,3.42,-1.48,2.88,4.66
Plain,2.07,0.85,-3.72,-0.85,2.72
Plain,0.65,4.12,-0.23,-2.38,1.44
Plain,3.26,0.89,-1.08,-2.21,1.25
Interesting,-0.03,-4.32,-4.3,0.27,-0.23
Interesting,-1.93,-1.45,0.59,2.33,0.02
Plain,-0.44,4.45,-1.89,-0.21,3.35
Plain,3.06,-2.18,0.27,-1.96,-1.18
Interesting,1.66,-0.26,-1.41,-1.06,0.91
Plain,3.07,0.92,4.64,2.86,2.36
Plain,2.22,3.81,-3.56,0.99,5.65
Interesting,-2.39,-0.17,1.2,-3.56,-3.88
Plain,-1.47,2.06,3.91,1.43,0.14
Plain,0.42,-4.15,1.28,4.26,0.44
Plain,4.39,-4.49,-4.3,-2.92,-0.6
Plain,3.48,2.47,1.79,0.77,3.19
Plain,2.65,1.38,-0.75,0.02,2.63
Plain,-2.99,-0.06,-1.25,0.08,-0.88
Interesting,-2.85,-2.64,-2.89,2.93,0.58
Plain,-3.45,2.64,-1.17,-2.75,-1.46
Interesting,3.16,-3.41,-3.03,-2.18,-0.2
Plain,2.15,0.26,-0.65,-1.81,0.4
Plain,2.73,-3.81,0.37,1.18,-0.05
Interesting,1.17,2.79,1.66,2.01,3.72
Plain,-0.14,-5.06,0.58,0.85,-2.58
Interesting,1.33,4.18,2.88,-3.24,0.18
Interesting,3.49,3.25,-0.63,-1.23,3.65
Interesting,0.39,-1.71,-0.95,-3.13,-2.18
Plain,-1.97,-0.48,-1.61,2.66,1.23
Plain,0.64,-1.57,-3.81,-0.17,0.87
Plain,2.52,-2.76,0.04,-0.75,-0.82
Plain,1.33,1.55,3.86,-2.24,-1.34
Interesting,0.22,2.2,1.61,-0.03,1.29
Interesting,0.17,3.12,-3.71,-1.15,3.2
Plain,1.91,0.64,3.68,2.87,2.09
Plain,3.4,-4.51,1.67,-3.25,-3.85
Plain,3.29,3.17,3.84,-1.9,0.87
Plain,-1.24,-0.73,-1.09,-4.14,-3.44
Interesting,2.3,3.43,1.27,0.27,3.44
Plain,0.06,2.04,-2.02,-3.48,-0.24
Interesting,1.25,-4.83,-0.76,1.31,-0.65
Interesting,-2.03,3.8,3.67,2.17,1.84
Interesting,0.59,1.49,-2.61,-0.21,2.64
Plain,0.98,2.39,-0.13,3.94,5.11
Plain,0.52,0.47,-2.6,-0.78,1.17
Plain,-1.49,3.14,-0.38,0.21,1.71
Interesting,0.93,-3.91,3.91,1.13,-2.1
Interesting,-3.06,-0.5,-1.06,-1.27,-1.6
Plain,-0.83,2.4,1.71,2.32,2.12
Plain,-2.87,-3.8,4.92,-2.41,-7.16
Interesting,4.09,2.06,1.23,4.52,6.43
Interesting,-1.81,-5.58,1.94,3.2,-2.21
Plain,-0.7,0.92,2.76,-3.04,-2.6
Plain,-2.84,-3.04,3.74,3.34,-2.28
Plain,-1.34,-3.78,5.01,0.22,-4.65
Plain,1.89,0.59,1.59,-4.6,-2.42
Plain,-0.28,-0.63,2.03,-2.03,-2.58
Interesting,3.75,-2.3,-3.64,-5.12,-1.12
Interesting,1.55,2.02,3.93,-0.9,0.39
Interesting,1.79,0.6,-0.95,1.01,2.83
Plain,1.99,-0.82,3.27,0.74,-0.03
Plain,-0.82,-3.34,2.63,-2.16,-4.7
Plain,1.22,-2.03,1.12,2.77,1.03
Interesting,-1.52,-0.25,1.59,0.87,-0.51
Interesting,-0.56,0.86,2.75,-2.66,-1.96
Plain,1.3,-3.51,-1.52,-0.13,-0.78
Interesting,1.39,-4.39,-0.6,-0.5,-1.59
Plain,-2.95,3.62,1.31,-0.03,0.21
Interesting,1.71,0.61,0.21,2.34,3.3
Interesting,-1.98,1.38,-2,4.18,3.91
Plain,1.4,0.71,0.57,-0.32,0.88
Interesting,4.15,4.83,1.22,-2.66,3.15
Plain,0.37,2.21,-2.52,0.56,3.18
Plain,-0.42,1.76,-2.61,-1.71,1.03
Interesting,-1.96,2.43,5.11,1.84,0.21
Interesting,1.53,1.97,-0.8,0.35,2.94
Interesting,2.3,1.5,-0.29,-1.02,1.8
Plain,-1.02,1.13,1.07,-3.36,-2.52
Interesting,2.07,-0.91,-1.99,1.19,2.57
Plain,-0.68,1.38,-2.63,4.24,4.59
Interesting,-2.71,-3.11,1.62,-2.42,-4.96
Plain,1.09,-0.18,2.42,0.64,0.09
Interesting,-3.3,-0.51,2.79,2.51,-0.76
Plain,-1.29,-1.09,0.84,-1.34,-2.29
Plain,0.12,-0.29,-4.98,-3.2,-0.06
Plain,0,3.94,-0.83,0.37,3.1
Plain,0.45,0.09,-3.61,0.43,2.24
Plain,4.34,-1.47,0.28,0.71,1.86
Plain,1.17,-2.82,0.19,-1.67,-2.26
Interesting,-1.96,0.99,3.2,0.13,-0.99
Interesting,-2.44,5.74,1.66,2,3.42
Interesting,2.22,-4.68,0.63,3.3,1.02
Plain,-2.68,-2.14,0.04,-2.35,-3.95
Interesting,1.15,0.09,0.58,0.27,1.02
Interesting,0.2,3.65,2.42,4.31,4.9
Interesting,-3.82,-5.69,-2.19,-2.6,-5.79
Interesting,2.56,-2.96,3.24,1.57,-0.14
Plain,-5.24,3.02,0.06,5.06,2.79
Plain,-0.84,1.24,-0.76,-1.73,-0.62
Interesting,-2.47,-3.37,-4.36,-0.12,-1.21
Plain,0.33,1.09,-1.04,3.4,3.8
Plain,-1.08,-0.88,3.86,-4.51,-5.7
Plain,0.21,2.61,2.92,1.57,1.8
Interesting,0.92,-3.13,2.11,-3.11,-4
Interesting,-0.3,4.02,0.75,0.71,2.93
Interesting,-2.25,0.1,-1.45,1.4,1.07
Plain,-1.71,-5.42,1.23,-1.05,-5.23
Plain,2.87,-0.6,-1.7,-1.82,0.61
Plain,2.79,2.13,1.87,-2.55,0.38
Plain,3.71,2.16,-2.03,1.13,4.75
Plain,-1.49,3.36,0.14,-0.3,0.97
Plain,0.13,1.08,1.44,-2.85,-1.71
Plain,-5.15,-1.2,1.21,-4.75,-6.78
Plain,1.99,-2.19,-3.09,-2.31,-0.61
Plain,2.27,1.97,-0.43,-1.03,2.08
Plain,1.25,1.68,-1.62,-4.17,-0.27
Plain,-3.3,0.23,0.77,0.37,-1.5
Plain,5,1.45,-4.69,0.78,5.92
Plain,-3.38,5.47,1.33,-2.78,-0.73
Interesting,0.25,-4.65,2.32,-0.58,-3.59
Interesting,0.97,-0.75,-2.15,0.36,1.54
Plain,0.1,1.42,0.38,-0.68,0.69
Plain,-0.45,-1.03,4.49,-1.56,-3.5
Plain,0.75,4.22,-0.91,-3.47,1.06
Plain,-0.14,1.46,0.59,3.98,3.48
Interesting,-1.74,3.23,-0.11,4.57,4.75
Plain,0.8,0.64,0.27,-0.84,0.34
Plain,2.77,1.81,-2.46,-0.27,3.56
Plain,-1.88,-2.69,0.45,2.56,-0.78
Interesting,-1.24,1.41,0.16,-3.69,-1.95
Plain,2.72,-1.58,0.71,-1.37,-0.69
Plain,0.45,3.87,-1.38,-5.5,-0.44
Interesting,0.3,1.41,1.06,0.47,1.36
Interesting,-1.74,-2.22,0.09,1.34,-0.76
Plain,0.76,0.98,-1.73,-1.97,0.52
Plain,-4.16,3.25,2.57,5.53,2.92
Interesting,-1.95,1.76,1.59,-2.2,-1.69
Interesting,-1.27,2.14,-0.26,-4.7,-2.1
Interesting,-0.03,-4.52,-4.41,-2.38,-2.25
Interesting,-0.98,0.85,2.81,-3.27,-3.01
Plain,2.74,2.25,-0.76,1.54,4.11
Plain,3.14,-0.15,-2.31,1.39,3.68
Interesting,1.62,3.15,-3.61,2.64,6.52
Interesting,4.51,-1.56,1.93,-2.79,-0.96
Interesting,-3.26,0.62,1.98,4.16,1.25
Plain,-2.7,-2.89,-4.44,-3.54,-3.49
Plain,3.56,0.03,2.24,-4.2,-1.82
Plain,3.15,-0.57,2.42,1.73,1.7
Interesting,3.54,-1.46,-1.64,2.37,3.78
Interesting,1.55,-0.17,-0.29,-1.17,0.47
Interesting,-2.28,-2.86,2.67,1.5,-2.28
Plain,2.09,0.49,-1.88,3.08,4.36
Interesting,2.08,0.42,-2.56,4.21,5.94
Interesting,-1.12,3.36,-0.4,-0.15,2.13
Interesting,0.14,3.91,-1.92,-1.91,2.16
Interesting,-2.21,-2.93,2.96,-4.03,-6.21
Plain,3.95,-2.29,-2.08,4.27,4.58
Plain,2.94,-1.26,2.46,0.16,0.02
Plain,3,-1.24,-1.56,-3.25,-0.69
Plain,-1.28,1.11,-1.28,5.08,4.37
Interesting,5.59,-4.36,1.67,-4.31,-2.67
Plain,-0.65,1.5,-1.78,-3.7,-1.01
Interesting,-3.96,-0.22,-0.34,4.11,1.28
Interesting,0.98,-1.34,-2.9,3.68,3.94
Interesting,2.24,0.48,-0.13,-2.25,0.39
Interesting,3.84,-2.66,-0.36,-0.33,0.84
Plain,-2.97,1.67,-0.97,1.85,1.53
Interesting,-2.61,3.96,-0.92,-1.83,0.74
Plain,1.52,0.64,-3.23,-0.37,2.48
Interesting,3.27,-1.88,-0.01,-1.77,-0.05
Plain,-1.23,-1.61,-0.58,-1.41,-2.19
Interesting,-0.76,0.12,3.19,-0.2,-0.98
Interesting,0.67,0.48,-4.42,0.34,3.13
Interesting,0.56,-3.67,-2.97,4.59,2.83
Interesting,-2.05,0.94,-1.49,1.43,1.51
Plain,2.34,0.53,-0.74,1.57,3.16
Plain,0.74,2.49,0.9,-1.66,0.49
Interesting,-1.95,3.06,-1.09,2.66,3.71
Plain,-1.61,-2.7,-1.86,1.92,-0.08
Plain,-0.17,2.35,2.22,-3.39,-1.75
Interesting,2.27,-1.24,2.47,-4.49,-3.21
Interesting,1.26,5.45,-0.36,-0.29,4.46
Plain,1.02,3.92,-3.15,2.16,5.81
Plain,-0.01,-0.69,-3.93,2.02,2.83
Plain,1.73,-1.65,-1.33,0.57,0.96
Interesting,-1.1,3.62,0.78,-0.14,1.79
Plain,-3.65,4.21,0.15,1.22,1.83
Plain,1.07,4.81,0.88,3.73,5.79
Plain,-1.05,2.43,-0.18,0.78,1.97
Interesting,-3.87,-0.22,1.21,-3.61,-4.62
Plain,-2.19,-0.88,1.72,2.12,-0.59
Interesting,-0.02,-1.76,-1.32,4.42,3
Interesting,1.71,-3.29,-4.44,2.92,3.18
Interesting,0.76,-3.93,-0.52,-0.33,-1.47
Plain,2.62,2.8,2.53,4.41,5.14
Plain,1.71,-3.63,-4.15,-3.7,-2.12
Plain,1.08,-0.89,1.4,2.47,1.33
Interesting,2.37,-3.14,-2.77,4.85,4.28
Plain,3.92,1.25,-2.56,-3.92,1.33
Interesting,3.03,1.31,-1.76,-0.81,3.03
Interesting,-3.85,0.46,-0.75,0.25,-0.67
Plain,-1.88,-3.73,-3.31,0.76,-1.06
Interesting,-1.76,1.1,0.31,4.15,2.91
Plain,-2.04,-1.1,2.98,-2.82,-4.75
Interesting,-0.97,0.42,-2.03,2.47,2.82
Interesting,-4.5,0.34,-1.74,-0.07,-0.87
Plain,-1.06,0.6,-0.63,-2.69,-1.55
Interesting,0.8,1.23,1.16,-1.6,0.16
Interesting,-2.39,0.13,0.62,3.92,2
Plain,-4.02,-4.66,1.89,0.33,-5.18
Interesting,3.46,4.08,2.45,-1.63,2.6
Interesting,2.36,2.77,4.26,1.87,2.81
Interesting,2.16,-0.81,-2.04,-0.15,1.82
Plain,-1.24,-3.46,-4.13,0.21,-0.63
Interesting,1.34,0.84,-0.82,3.16,4.04
Plain,2.67,-2.82,-0.53,-1.09,-0.54
Plain,1.39,-4.28,-2.81,-1.6,-1.65
Plain,0.52,-0.68,-0.53,0.26,0.33
Interesting,-4.39,2.38,1.95,-0.08,-1.18
Interesting,-1.46,1.42,1.29,2.94,2.13
Interesting,-1.26,-0.31,-2.15,-1.65,-0.53
Plain,-1.13,-0.29,-5.12,1.68,2.72
Interesting,-1.87,-3.85,-3.79,1.84,0.25
Plain,1.08,-2.17,-3.15,-4.5,-2.5
Interesting,-2.36,3.32,5.55,-1.44,-1.97
Plain,-1.65,1.83,-2.13,1.09,2.05
Plain,-0.77,-1.75,-5.79,-2.25,-0.63
Plain,-3.58,-3.28,-2.84,-1.78,-3.58
Plain,2.06,0.76,5.28,2.14,1.1
Interesting,3.36,-0.76,0.5,-0.99,1.01
Interesting,-1.64,-0.01,-1.74,-2.38,-1.23
Interesting,0.02,-2,1.82,0.77,-0.78
Plain,1.44,2.58,1.97,3.81,4.3
Interesting,-1.41,-1.07,-4.9,-0.34,0.9
Interesting,0.6,4.17,3.14,-0.49,1.83
Interesting,-1.82,-3.14,-0.11,3.37,0.01
Interesting,-3.46,4.67,1.29,-0.46,0.67
Plain,5,-0.32,0.63,-5.09,-1.33
Interesting,3.14,0,-3.1,-3.14,1.25
Plain,-2.4,-0.33,-3.63,-0.74,-0.39
Plain,-1.16,-2.96,-3.54,-2.56,-2.43
Interesting,-3.5,1.94,-0.95,-2.12,-1.17
Plain,-3.17,1.17,0.56,0.47,-0.5
Plain,-1.36,-3.69,2.32,-1.44,-4.64
Plain,-0.25,-0.99,3.09,2.56,0.13
Interesting,-0.3,-0.93,-3.23,-0.74,0.69
Plain,-1.61,-0.14,5.31,2,-1.32
Interesting,-5.23,-0.73,0.61,-1.32,-3.93
Interesting,-1.47,-2.09,-2.82,-2.28,-1.79
Interesting,-1.39,0.8,-3.62,1.44,2.78
Interesting,0,-0.71,4.36,0.83,-1.06
Interesting,3.22,-2.28,-0.29,3.07,2.86
Plain,-4.16,1.01,-1.07,0.34,-0.6
Interesting,0.5,-2.55,-2.59,-0.08,0.01
Plain,-3.98,3.48,-0.42,-1.1,-0.26
Interesting,0.05,1.6,4.45,-0.63,-0.84
Interesting,-0.86,-1.02,1.65,-1.86,-2.62
Plain,3.18,-0.88,-3.41,-2.71,0.69
Plain,0.63,4.32,-0.83,-1.5,2.27
Interesting,-2.16,1.7,3.62,-2.57,-2.81
Interesting,-0.07,1.49,2.15,-1.82,-0.7
Plain,0.97,-3.94,-0.74,0.51,-0.83
Plain,0.38,-1.36,0.89,0.12,-0.69
Plain,-2.66,-2.24,0.32,-3.36,-4.93
Plain,-1.1,2.03,1.86,-1.85,-1.35
Plain,-2.86,-1.38,-0.61,-3.73,-4.45
Interesting,0,-4.51,3.8,0.2,-3.56
Interesting,0,-0.9,-3.3,0.81,1.86
Interesting,-3.26,-2.34,-0.91,-0.9,-2.75
Interesting,1.15,0.1,1.13,2.54,2.49
Plain,2.09,3.88,0.25,1.07,4.33
Plain,3.35,0.65,1.15,-0.92,1.16
Plain,0.99,-4.56,-3.91,1.53,0.56
Plain,-3.71,2,-0.17,-0.83,-1.04
Interesting,-0.78,4.72,0.96,-4.48,-0.65
Interesting,-4.66,-2.47,-3.4,-1.58,-3.24
Plain,-3.03,-1.67,0.18,-4.92,-5.88
Plain,-1.87,2.91,-4.93,3.52,5.44
Interesting,4.34,-2.66,-1.73,-2.17,0.29
Interesting,2.43,-1.31,5.07,0.62,-0.84
Interesting,1.7,-1.48,1.05,-1.5,-1.05
Plain,-0.59,0.99,2.64,0.33,-0.33
Plain,2.54,-0.68,2.75,-2.96,-2.01
Interesting,-2.03,-2.85,-3.39,-1.78,-2.03
Plain,5.35,0.74,-0.52,2.29,5.3
Interesting,1.42,0.05,4.46,-3.93,-3.55
Plain,5.49,-2.76,-3.61,-2.62,0.93
Interesting,-3.07,-4.51,-4.45,1.84,-0.59
Interesting,1.23,5.24,-2.33,-2.48,3.4
Plain,1.75,-4.4,3.56,-0.71,-3.44
Plain,0.98,0.9,1.07,-0.17,0.73
Interesting,0.4,-1.22,-4.06,0.11,1.71
Plain,3.68,-2.63,1.21,-1.95,-1.44
Interesting,1.24,-0.43,-0.31,0.43,1.28
Interesting,1.4,2.33,4.11,-0.58,0.41
Plain,1.44,4,-1.92,-0.6,3.79
Plain,2.18,-2.71,2.16,-1.91,-2.44
Plain,1.17,2.08,-0.14,-1.03,1.45
Interesting,4.31,-1.45,-2.69,0.23,3.06
Plain,-3.83,-0.46,-2.11,-1.78,-2.59
Interesting,2.42,1.18,0.61,-0.31,1.91
Plain,-3.05,2.05,1.01,-1.33,-1.52
Plain,2.5,-2.81,3.79,2.87,0.36
Plain,-1.82,-0.5,4.18,-2.74,-4.41
Plain,-3.4,-4.1,2.99,0.09,-4.88
Plain,-3.92,-4.37,-0.38,-0.86,-4.89
Plain,2,3.83,-1.02,-3,1.53
Interesting,1.28,0.16,0.46,-1.53,-0.07
Plain,5.19,0.82,3.05,-0.85,1.48
Plain,-4.12,-1.75,-0.04,-3.42,-5.36
Plain,-3.73,-4.05,-2.29,1.2,-2.41
Interesting,2.72,2.57,-0.83,-2.99,1.75
Interesting,-3.95,3.88,-0.67,4.64,4.48
Interesting,2.26,5.24,-2.7,0.01,5.88
Plain,5.33,3.87,-3.67,3.82,9.29
Interesting,-2.17,2.86,1.42,1.51,1.61
Interesting,4.91,-0.38,-0.63,-0.17,2.71
Plain,0.32,-0.08,-2.43,-3.2,-1.01
Interesting,-3.61,4.6,-1.17,1.3,2.81
Interesting,0.88,-0.42,2.31,-1.01,-0.76
Plain,0.1,3.04,1.88,1.01,2.08
Plain,-1.95,1.75,0.34,-2.07,-1.33
Interesting,0.38,2.12,-0.09,-3.62,-0.56
Interesting,0.94,1.09,-3.52,1.34,3.96
Interesting,0.15,-1.35,-1.55,2.41,2.03
Plain,-3.11,2.28,3.21,3.48,1.13
Plain,-0.65,1.86,0.87,-1.61,-0.5
Interesting,-1.95,3.85,1.41,0.23,1.55
Interesting,2.95,4.44,-0.14,-4.74,1.53
Interesting,0.3,2.17,2.12,0.23,1.24
Plain,-5.28,2.22,2.55,-0.69,-2.6
Plain,0.22,-0.76,-2,1.73,1.78
Interesting,4.23,-0.38,-1.91,0.92,3.99
Plain,-2.15,-2.37,-3.01,1.8,0.13
Plain,-0.31,-0.58,-2.15,-0.86,-0.06
Interesting,-3.76,-0.4,0.02,1.01,-0.92
Interesting,1.8,-4.1,-3.43,4.71,3.75
Plain,-2.9,4.87,-1.13,0.25,2.28
Plain,-3.23,-2.52,-2.15,-0.83,-2.69
Interesting,-0.62,-0.98,3.45,-0.97,-2.55
Plain,-0.64,-1.05,1.44,2.36,0.45
Interesting,-3.26,1.41,0.1,0.52,0.06
Plain,0.16,4.22,2.95,2.59,3.52
Plain,-3.05,3.55,-0.5,0.44,1.34
Plain,3.6,-4.4,-3.05,0.19,0.74
Plain,-0.29,-2.34,-1.01,0.37,-0.71
Plain,1.3,3.67,-1.17,0.28,3.72
Plain,2.82,2.3,0.26,-1.06,2.21
Interesting,4.8,-2.3,4.3,1.94,1.21
Interesting,-0.88,0.97,0.08,4.22,3.59
Interesting,-1,1.52,5.16,2.25,0.46
Interesting,1.57,-0.7,3.61,-2.43,-2.33
Interesting,-0.24,-0.3,3.67,0.24,-1.07
Plain,-0.29,-0.86,-3.32,4.68,3.98
Plain,4.62,2.11,2.05,-1.73,1.88
Plain,-2.92,2.78,-1.07,-2.07,-0.5
Interesting,4.2,-2.62,-3.47,0,2.35
Plain,3.6,4.72,1.53,0.99,4.9
Interesting,0.44,-0.88,0.69,-2.01,-1.57
Interesting,0.53,-1.66,-0.68,4.38,3.16
Interesting,1.63,-1.11,-2.01,-2.75,-0.48
Plain,5.23,-2.24,-2.1,-1.87,1.03
Interesting,-0.82,0.19,-3.13,-4.23,-1.32
Plain,-1.15,1.59,3.07,0.77,-0.15
Interesting,1.88,-4.39,1.66,-0.12,-1.97
Plain,-3.34,0.81,-0.54,-0.54,-1.08
Interesting,-1.3,-0.3,-0.26,1.68,1.06
Plain,-3.08,-0.6,2.14,4.64,0.79
Plain,-5.43,-0.03,-1.98,-2.62,-3.45
Plain,-3.68,1.61,-5.62,1.02,2.18
Interesting,5.6,1.95,0.63,2.14,5.67
Interesting,-1.26,1.27,2.91,0.58,-0.02
Plain,-2.36,-2.14,-0.29,-0.27,-2.18
Plain,2.32,3.91,-1.75,-2.59,2.61
Plain,1.84,-2.16,1.57,1.9,0.51
Plain,-0.1,0.56,-0.52,-5.49,-3.26
Plain,1.28,-2.13,-2.16,0.14,0.48
Plain,-1.04,-3.09,1.95,1.7,-1.68
Plain,-0.07,-3.07,2.52,0.67,-2.25
Plain,-0.27,1.32,-4.14,-1.43,1.59
Plain,-0.3,3.27,-4.8,2.48,5.66
Plain,-0.97,1.13,0.02,-0.02,0.44
Interesting,2.21,3.35,0.33,-0.2,3.4
Plain,-1.04,-1.98,-0.48,4.94,2.17
Plain,-2.36,0.13,-0.3,-0.47,-1.01
Interesting,5.16,1.97,-1.02,2.91,6.49
Interesting,-2.74,-4.06,-3.8,-1.45,-2.8
Interesting,-4.34,0.76,3.9,-4.72,-6.07
Plain,-3.23,-0.2,-1.71,4.49,2.43
Interesting,3.57,3.64,0.16,-1.34,3.53
Interesting,1.52,-0.01,-3.27,-0.57,2.1
Plain,2.76,3.32,1.55,2.15,4.28
Plain,2.99,1.66,3.03,0.45,1.9
Interesting,-0.37,3.91,-1.55,-0.06,3.04
Interesting,-3.05,2.77,0.15,-0.63,0.13
Plain,0.8,-0.19,0,-5.17,-3.15
Plain,2.13,0.31,0.68,-2.11,-0.21
Plain,4.61,-1.92,1.05,-2.45,-0.97
Plain,3.38,2.24,-1.51,-5.21,0.13
Plain,-3.85,3.65,0.6,-2.31,-1.46
Interesting,0.15,-1.7,-1.37,0.13,0.2
Plain,4.1,-5.06,0.82,-2.22,-2.78
Plain,-1.13,5.18,1.78,-2.69,0.16
Plain,1.05,-4.69,2.29,2.1,-1.67
Interesting,-2.67,2.9,0.57,4.83,3.87
Plain,3.85,0.91,-3.68,-5.81,0.21
Plain,-1.71,-1.49,-0.92,-1.52,-2.36
Plain,-0.2,0.23,0.71,-0.23,-0.25
Interesting,1.86,-4.13,-0.24,1.71,0.36
Interesting,-0.29,-0.05,-1.27,-1.46,-0.19
Interesting,-0.2,-0.73,-4.25,-0.71,1.24
Interesting,-0.75,-2.74,1.95,1.55,-1.21
Interesting,1.65,5.62,2.27,3.61,6.17
Plain,2.24,3.98,3.64,0.85,2.78
Plain,-3,-1.82,2.11,2.85,-1.16
Plain,0.84,-2.26,0.28,-1.86,-2.11
Interesting,2.11,0.11,-2.63,-0.22,2.42
Plain,-1.62,0.97,2,-3.12,-3
Interesting,2.44,5.55,0.88,4.79,8.17
Plain,1.13,3.59,-0.24,1.87,4.41
Plain,-1.32,1.35,-2.36,1.02,2.02
Plain,-1.88,-5.6,-2.34,-2.09,-4.47
Interesting,0.97,-0.09,-3,4.09,5.19
Plain,-0.86,-1.61,2.14,-0.7,-2.43
Interesting,1.98,-3.62,1.97,-2.84,-3.42
Interesting,-0.37,-1.59,4.47,-0.32,-2.71
Plain,0.08,0.44,-0.48,3.15,2.95
Plain,3.19,-3.16,5,-0.66,-2.41
Plain,-3.34,1.82,-2.1,4.06,3.26
Interesting,3.43,-0.55,3.5,5.04,4.03
Plain,3.03,2.31,2.56,1.55,3.12
Plain,-2.17,0.84,-2.32,0.86,1.28
Interesting,-0.95,2.21,-1.69,1.32,2.97
Plain,1.67,-1.59,4.29,0.98,-0.89
Interesting,-0.51,3.28,-3.53,0.34,3.86
Interesting,-0.81,3.73,-2.21,0.4,3.53
Plain,-0.94,-0.95,2.38,-0.9,-2.51
Plain,2.02,-4.94,0.28,4.77,1.52
Interesting,2.54,0.72,0.52,-2.95,0.02
Plain,1.56,-0.81,-0.28,-3.63,-2.01
Interesting,-0.83,2.37,3.29,0.07,0.38
Interesting,-0.11,0.83,2.9,3.93,2.59
Plain,0,0.88,3.3,-2.67,-2.52
Interesting,-5.17,3.62,2.19,-4.43,-3.78
Interesting,-2.24,-2.31,3.96,2.64,-1.77
Interesting,1.6,2.31,1.61,1.36,2.75
Interesting,3.22,2.67,0.15,-0.86,3.11
Interesting,-0.6,0.65,-1.11,1.2,1.92
Plain,1.95,-0.74,3.15,-1.96,-1.8
Interesting,3.31,-0.96,1.56,4.66,4.31
Plain,-0.25,3.9,3.26,1.49,2.22
Plain,2.24,0.03,-2.84,-0.44,2.27
Plain,-1.87,-0.92,-0.45,3.73,1.43
Interesting,-4.5,3.8,1.45,0.69,0.41
Interesting,5.3,0.52,-1.58,2.41,5.84
Interesting,1.2,-3.35,-1.03,-4,-3.34
Interesting,1.99,1.28,-3.56,-1.41,2.68
Interesting,0.28,-2.13,-2.56,-5.31,-3.14
Interesting,-1.49,-0.75,1.61,0.92,-0.63
Plain,0.69,0.67,1.79,0.43,0.49
Plain,1.43,-2.03,-0.24,-0.27,-0.36
Interesting,-0.03,3.45,0.36,0.49,2.78
Interesting,0.34,-0.53,-0.61,0.82,1.22
Interesting,-0.25,-0.2,-4.22,4.24,4.98
Plain,-2.64,5.53,3.15,0.65,1.3
Interesting,-3.36,-2.98,-1.06,-1.85,-3.88
Interesting,0.92,0.65,1.85,-0.72,0.07
Plain,-1.88,2.42,1.82,1.17,0.88
Interesting,-4.07,1.43,4.91,3.48,-0.31
Plain,-2.97,3.22,-3.79,-0.84,1.47
Plain,-1.3,-3.66,0.32,-0.75,-3.23
Interesting,2.84,3.73,-2.25,-0.44,4.65
Interesting,1.01,-0.3,3.57,-0.17,-0.79
Plain,1.39,-5.57,-0.59,5.13,1.4
Interesting,-3.6,0.2,3.62,-3.01,-4.55
Interesting,1.14,-3.7,-1.07,0.8,-0.17
Plain,-1.81,-0.24,4.13,4.92,0.83
Interesting,3.48,-4.51,-1.97,4.19,3.19
Plain,2.29,0.81,1.32,-0.81,0.83
Plain,-0.6,0.44,2.62,2.64,0.87
Interesting,1.68,0.39,2.12,-0.22,0.57
Interesting,1.32,0.27,3.09,-1.55,-0.92
Interesting,-3.44,0.52,4.67,-1.73,-3.83
Interesting,-0.09,0.02,2.27,-3.09,-2.8
Interesting,-5.31,-4.92,-2.84,1.01,-3.37
Interesting,-1.43,0.69,1.88,4.29,2.37
Interesting,1.59,2.51,-4.45,-4.54,1.25
Plain,-0.27,2.73,2.06,1.72,2.21
Plain,0.64,-0.97,1.14,-2,-1.75
Interesting,0.39,-3.73,0.65,-3.51,-4.27
Plain,-1.17,-2.08,3.55,-0.28,-3.02
Interesting,1.87,-3.29,0.3,-0.9,-1.32
Plain,-3.86,0.43,-2.2,-0.68,-1.08
Plain,2.02,1.75,-1.34,0.51,3.15
Interesting,0.91,2.63,-0.13,-2,1.04
Plain,-4.66,0.98,-0.9,-5.35,-4.86
Interesting,4.49,-0.36,-2.94,-4.87,0.2
Interesting,0.45,2.2,-3.92,-1.74,2.24
Interesting,-0.64,-0.55,-0.1,-2.88,-2.09
Plain,-1.94,-1.93,-2.27,-2.72,-2.94
Plain,-1.37,-2.71,2.83,1.19,-2.24
Plain,0.39,0.83,-0.5,-2.6,-0.82
Plain,-4.76,0.8,-1.28,-0.75,-1.71
Plain,2.27,-0.05,-0.23,0.16,1.37
Plain,-1.87,-1.29,-4.65,0.41,0.66
Plain,-0.59,2.3,-1.64,3.46,4.46
Plain,2.17,0.98,-3.17,0.5,3.55
Plain,-4.04,-1.4,1.54,-2.74,-4.97
Interesting,2.07,-2.04,3.48,-3.08,-2.97
Plain,-0.35,-0.63,-3.93,-4.42,-2
Interesting,-2.09,-1.7,3.35,0.13,-2.9
Interesting,0.41,-0.54,4.92,-1.01,-2.25
Interesting,0.16,0.89,-3.26,-2.94,0.32
Interesting,0.77,0.62,-1.42,-3.45,-0.6
Interesting,2.02,-5.65,4.5,4.61,-0.35
Interesting,1.8,-1.26,4.79,2.56,0.52
Interesting,2.7,-1.37,3.23,-1.45,-1.41
Plain,0.04,-0.31,2.38,-2.25,-2.42
Interesting,-3.29,-1.99,-1.25,0.42,-1.6
Interesting,-0.68,0.88,0.07,-3.74,-1.95
Interesting,1.12,4.74,-1.97,4.88,7.95
Plain,-0.97,-0.24,3.33,-2,-3.22
Interesting,-4.59,-0.08,1.98,-2.57,-4.41
Interesting,1.02,0.33,3.75,0.99,0.54
Plain,3.85,-1.09,-0.29,-0.8,1.16
Interesting,-1.72,-1.91,0.57,-3.73,-4.32
Interesting,-2.27,-0.22,2.19,3.34,0.62
Plain,-1.65,-3.56,-0.21,-1.58,-3.79
Interesting,-4.66,-3.28,-1.11,-1.37,-4.22
Plain,-1.06,0.75,3.01,-1.43,-2.05
Interesting,1.14,0.46,-2.42,-0.04,2.17
Plain,-1.21,-1.01,-0.2,0.05,-0.78
Plain,2.59,-3.17,-3.26,-0.14,0.82
Plain,-3.66,4.62,-1.7,-2.27,0.35
Plain,0.33,2.28,-2.12,1.06,3.18
Plain,-4.04,0.74,1.52,-2.07,-3.41
Plain,-3.34,-0.18,-1.71,-0.32,-1.15
Plain,-4.97,-1.65,2.92,-0.69,-4.79
Interesting,-1.92,2.93,0.62,-2.59,-0.7
Interesting,2.25,-0.47,0.22,-1.08,0.42
Plain,-1.29,-0.7,-0.3,-1.75,-2.04
Interesting,-4.45,3.42,1.68,-2.14,-1.76
Interesting,3.05,-0.1,-2.2,4.2,5.77
Interesting,1.36,0.01,-2.96,0.81,3.11
Interesting,2.95,3.89,2.95,-0.31,3.02
Interesting,1.48,1.56,-3.17,-1.35,2.42
Interesting,-0.21,-2.46,0.16,1.01,-0.41
Plain,2.56,0.59,0.03,0.42,2.19
Interesting,-3.81,-4.02,-1.98,2,-1.58
Interesting,-0.32,4.47,1.96,-2.71,0.36
Plain,-0.03,-0.73,-1.04,-3.56,-2.26
Interesting,1.07,-0.95,-1.28,-0.95,0.31
Interesting,-4.2,5.02,-2.45,2.93,4.48
Plain,-0.08,-2.62,3.02,-4.9,-6.05
Interesting,3.49,2.42,4.09,1.86,3.31
Plain,0.17,-2.72,1.08,-1.3,-2.53
Plain,-0.49,-0.31,3.45,-1.5,-2.62
Interesting,2.44,-0.59,-1.36,1.01,2.6
Interesting,-0.41,-1.55,0.95,-0.46,-1.23
Plain,-0.07,1.87,0.15,1.17,2.03
Plain,2.81,-1.28,3.14,-3.62,-3.04
Plain,-1.07,2.23,-1.54,0.23,1.95
Interesting,0.87,-2.57,-1.9,0.96,0.71
Plain,-0.56,1.3,-0.02,-4.3,-2.26
Plain,-0.1,-0.38,-1.56,3.06,2.63
Interesting,0.81,0.57,1.06,2.24,2.36
Plain,1.39,-3.96,-1.67,-3.12,-2.96
Interesting,2.39,1.2,-0.9,0.49,3.17
Plain,-1.29,-2,-0.85,0.13,-1.15
Interesting,0.51,-2.22,-4.11,0.21,1.33
Plain,-1.85,-2.11,-0.64,-5.13,-5.29
Interesting,-4,1.01,-1.89,0.39,0.11
Plain,-2.95,0.5,-0.81,-1.12,-1.38
Interesting,-1.45,-1.96,0.46,-5.27,-5.27
Plain,-1.62,2.51,1.13,-0.75,-0.11
Plain,-3.26,-3.32,2.25,0.82,-3.74
Interesting,2.94,-3.31,-2.13,-1.99,-0.37
Plain,-1.1,4.25,-0.99,-0.4,2.35
Plain,0.58,1.67,-2.07,-0.05,2.38
Interesting,-4.55,0.27,0.87,2.1,-0.51
Plain,-0.89,-0.25,-1.48,1.16,0.99
Interesting,1.4,0.25,3.25,-1.58,-1.11
Plain,4.58,-2.83,2.03,-1,-0.67
Plain,1.23,-0.89,0.79,-1.07,-0.88
Interesting,-1.18,-1.15,-2.47,0.21,0.26
Plain,-2.39,0.83,0.29,2.74,1.3
Plain,2.06,-0.05,0.64,1.49,1.98
Interesting,0.07,3.81,-3.08,4.73,7.31
Plain,1.81,4.44,-5.65,2,7.6
Plain,0.55,1.07,2.7,5.08,3.71
Plain,-2.81,0.09,0.34,-2.64,-3.36
Interesting,0.03,2.03,-2.35,0.48,2.94
Plain,-1.14,-4.31,1.18,-0.98,-4.22
Plain,2.29,-0.23,-1.36,-0.94,0.92
Plain,-1.16,0.1,-1.29,-3.27,-2.22
Interesting,1.59,4.8,3.99,-0.98,1.91
Plain,1.04,1.56,-0.39,2.35,3.49
Interesting,-3.62,-0.97,4.49,2.93,-1.63
Interesting,-2.25,-0.8,-0.67,-2.8,-2.93
Plain,0.1,1.92,-0.94,-0.03,1.82
Plain,-4.63,3.69,2.59,-4.56,-4.12
Interesting,1.59,0.92,-2.11,-2.71,0.67
Plain,-0.58,-0.35,-2.92,-0.78,0.16
Interesting,3.7,4.69,-1.03,1.55,6.57
Plain,4.83,-1.78,4.01,-2.93,-2.28
Interesting,-2.47,-0.5,4.34,-1.6,-3.84
Plain,0.25,0.38,-1.52,-0.82,0.55
Plain,1.77,-2,-0.4,1.72,1.42
Plain,-3.04,-2.37,-1.55,2.98,0.05
Interesting,0.53,-1.18,1.47,0.31,-0.32
Plain,-2.13,3.01,2.75,-1.8,-1.37
Interesting,-2.89,2.06,2.78,1.81,0.35
Plain,-0.37,-4.05,0.64,0.36,-2.35
Plain,0.58,-3.53,3.02,3.56,-0.44
Interesting,-2.52,-0.77,3.97,0.83,-2.32
Interesting,-2.84,-3.43,5.27,-0.35,-5.35
Interesting,4.07,-0.15,-1.41,-2.04,1.67
Plain,-0.46,-0.03,3.08,-0.45,-1.62
Plain,-2.04,-0.66,-3,-5.37,-3.65
Interesting,-1.89,3.51,0.81,-0.73,0.8
Plain,0.73,0.28,1.73,0.44,0.39
Plain,2.02,-2.15,3.91,3.56,0.88
Plain,0.76,-2.75,2.14,-0.69,-2.49
Interesting,-1.35,3.89,-3.01,-3.5,0.75
Plain,-1.59,1.65,-1.5,1.42,2.09
Interesting,-0.19,0.8,1.68,-2.08,-1.28
Plain,-0.55,-0.48,-3.31,1.54,1.97
Plain,-5.31,-5.62,0.73,-2.12,-7.67
Plain,-0.61,1.19,0.91,3.35,2.52
Interesting,-1.87,-0.32,1.23,3.13,1.08
Plain,-0.19,2.45,-3.43,-2.5,1.12
Plain,-1.2,3.1,-2.8,-2.95,0.55
Plain,0.03,-3.16,2.2,1.07,-1.69
Interesting,-1.62,-3.58,5.16,0.18,-4.32
Plain,-0.3,-5.32,-0.77,3.04,-0.62
Plain,-2.16,3.69,1.75,3.75,3.36
Plain,-0.32,2.13,-2.52,-2.28,0.75
Plain,-1.01,-4.01,-3.4,1.85,-0.04
Interesting,0.01,-2.02,2.63,-2.82,-3.69
Plain,-1.77,-0.58,-0.14,-1.79,-2.06
Plain,3.04,2.12,-1.46,0.37,3.84
Plain,0.96,2.19,3.3,-0.02,0.59
Interesting,-0.59,3.31,0.14,-1.36,1.26
Interesting,1.71,0.56,-0.41,-0.37,1.6
Plain,-2.63,0.07,1.59,3.46,0.79
Interesting,-2.24,-0.73,-3.91,5.86,4.52
Plain,1.55,-1.33,-3.81,-1.9,0.27
Plain,3.61,-0.6,-0.3,0.01,1.59
Plain,0.79,5.21,-2.29,-0.39,4.16
Plain,5.49,4.31,1.36,3.6,7.58
Plain,-0.31,-0.92,-3.91,-0.88,0.54
Plain,-2.94,1.93,-1.21,-3.14,-1.9
Interesting,-1.56,3.38,3.14,0.26,0.59
Interesting,1.38,1.92,0.14,-1.71,1.24
Interesting,2.33,-3.69,-0.77,2.83,1.67
Plain,-0.07,-1.79,1.99,3.89,0.96
Interesting,-2.01,2.18,-3.89,2.83,4.5
Plain,-3.94,-1.82,2.91,1.62,-2.95
Interesting,-0.86,-5.42,2.48,0.6,-3.86
Plain,1.64,-1.89,5.23,-0.11,-2.15
Plain,-0.03,-1.34,-2.04,-3.15,-2.07
Interesting,0.31,0.42,0.69,1.24,1.37
Interesting,0.91,0.42,1.71,0.23,0.58
Interesting,-3.21,3.97,0.54,-3.21,-1.25
Plain,1.81,1.96,-0.62,0.3,2.86
Plain,0.93,-2.51,3.75,-0.22,-2.54
Interesting,1.43,2.9,-3.45,3.06,6.46
Interesting,1.49,-5.51,-5.21,-2.85,-1.92
Interesting,5.03,0.55,0.67,-0.36,2.83
Plain,-0.84,-1.79,4.01,0.01,-2.91
Interesting,-1.79,0.66,2.23,3.72,1.66
Interesting,-2.53,2.87,-0.77,3.99,4
Interesting,1.38,-2.93,5.54,0.27,-2.44
Interesting,-3.52,0.26,2.49,-1.01,-2.8
Plain,-5.78,-4.42,-2.84,2.1,-2.68
Plain,4.7,0.97,0.33,0.63,3.4
Interesting,-2.96,5.65,0.46,0.26,2.25
Interesting,-2.57,0.83,-0.77,-2.57,-1.65
Plain,-3.86,-2.18,-1.67,1.67,-1.3
Plain,-0.74,-4,-2.34,-2.59,-3.41
Plain,-2.84,-0.11,-2.89,2.51,1.62
Interesting,2.89,-2.91,-3.87,-0.67,1.28
Plain,-3.72,3.01,1.83,4.02,2.24
Plain,0.61,3.35,4.91,-0.09,0.66
Interesting,-0.98,-2.34,0.68,1.75,-0.54
Interesting,-0.81,-1.68,1.03,3.78,1.25
Plain,2.98,-0.76,2.35,2.09,1.6
Interesting,-2.63,0,0.3,0,-0.94
Plain,3.72,-2.92,-2.38,0.51,1.74
Interesting,-1.89,-0.12,-2.35,1.54,1.55
Interesting,2.07,-1.59,4.08,2.68,0.83
Interesting,0.85,-2.81,-4.02,-3.63,-1.63
Plain,3.75,0.87,2.6,-2.4,-0.2
Plain,-1.7,-0.5,1.73,-0.38,-2.09
Interesting,-1.97,1.08,-0.07,1.11,1.08
Interesting,-0.7,-0.5,2.1,0.17,-0.86
Plain,0.06,0.66,4.71,-1.2,-2.28
Plain,-0.42,0.19,-1.99,2.46,2.58
Interesting,0.57,-0.74,-3.63,-2.97,-0.31
Plain,3.33,-2.92,-2.82,3.24,3.51
Interesting,-2.37,-0.46,0.61,-2.08,-2.49
Plain,-1.49,-1.5,-1.14,0.08,-0.84
Plain,1.77,-3.71,0.54,-0.41,-1.43
Plain,0.25,-0.59,-3.52,3,3.51
Interesting,1.97,4.77,-0.59,3.03,6.66
Plain,-0.99,2.54,-0.38,2.12,2.84
Interesting,-2.13,-5.65,1.53,-2.05,-6.05
Interesting,-1.37,0.41,-1.68,0.3,0.98
Interesting,1.16,1.8,1.76,1.81,2.54
Plain,1.56,3.22,4.88,-1.31,0.06
Interesting,-2.85,-3.43,0.69,-0.14,-3.23
Plain,4.28,-4.57,-1.66,-3.48,-2.4
Plain,-4.86,4.09,-0.22,-2.16,-1.29
Interesting,-0.16,-4.83,2.76,2.25,-1.93
Plain,-2.07,-0.34,-0.78,1.63,0.44
Plain,3.58,0.07,-0.91,-1.15,1.73
Interesting,-0.44,-3.68,2.41,-3.51,-5.33
Plain,-0.96,0.07,-2.36,-1.98,-0.79
Plain,0.12,1.36,-3.88,1.05,3.15
Interesting,-2.35,-2.37,2.94,2.78,-1.44
Interesting,4.92,1.4,0.46,2.1,5.13
Interesting,-0.17,-3.72,-2.45,-4.83,-4.22
Plain,-0.07,0.1,2.52,-2.85,-2.95
Interesting,2.62,-3.07,2.03,-4.32,-3.92
Interesting,0.35,-0.26,0.19,2.08,1.97
Plain,-0.07,1.37,-1.83,2.76,3.69
Plain,-0.19,-0.12,4.36,-1.76,-2.89
Interesting,2.92,0.95,-2.54,-4.22,0.5
Interesting,0.28,1.52,1.43,1.23,1.88
Plain,3.49,-3.59,0.12,-2.17,-1.89
Interesting,-3.34,4.53,3.77,3.71,2.78
Plain,-0.97,0.32,-3.27,1.88,2.47
Interesting,-2.07,2.43,1.86,-0.99,-0.44
Interesting,0.49,-0.14,0.99,0.24,0.44
Interesting,-0.97,3.34,0.64,2.02,3.13
Interesting,-2.2,-0.06,3.93,1.92,-0.97
Plain,-1.78,2.4,-3.26,-2.32,0.37
Interesting,0.11,5.05,1.12,-2.35,1.52
Plain,-4.64,-1.93,-2.64,-3.68,-4.92
Plain,1.01,0.01,0.35,1.39,1.71
Plain,2.66,-4.3,-1.28,1.83,0.72
Interesting,0.97,4.24,-0.12,0.86,4.08
Interesting,0.98,-3.09,-4.92,4.53,4.28
Interesting,1.67,3.82,0.38,2.44,5.04
Interesting,2.92,0.56,-5.03,-3.95,1.44
Interesting,1.65,0.71,-0.34,-3.91,-0.87
Plain,-1.3,3.31,1.55,-2.25,-0.66
Interesting,-2.95,0.28,-0.2,-1.81,-1.78
Plain,3.93,-2.53,-0.29,2.34,2.39
Plain,3.77,-0.17,-0.45,-0.33,1.86
Interesting,-2.58,-2.11,4.55,-0.28,-3.94
Plain,0.34,2.26,-0.94,0.92,2.82
Interesting,2.43,2.32,-2.33,3.44,6.5
Interesting,-0.51,1.65,2.06,0.99,0.89
Plain,-0.11,1.18,-0.09,-1.25,0.13
Interesting,-0.76,1.66,-1.31,1.34,2.44
Plain,0.57,4.52,-0.6,3.02,5.58
Interesting,-0.21,-3.61,0.58,-3.25,-4.32
Interesting,1.44,-3.17,3.78,3.78,0.38
Interesting,-0.91,-5.03,-0.64,-3.51,-5.19
Plain,-3.51,2.94,-3.17,-1.29,0.42
Interesting,1.65,-3.5,4.61,-2.23,-4.13
Interesting,-0.28,1.06,-1.41,-1.88,0.36
Interesting,3.6,1.41,1.04,-3.39,0.4
Interesting,-3.21,-3.71,3.62,1.61,-3.69
Interesting,-3.83,2.33,0.71,-0.98,-0.78
Interesting,0.62,0.08,2.2,-4.15,-2.91
Interesting,1.55,-0.27,-0.66,-2.4,-0.27
Plain,-0.91,2.98,0.71,4.63,4.32
Plain,-5.28,2.88,2.99,3.62,0.63
Plain,-1.68,-1.05,-3.14,0.58,0.3
Interesting,-1.17,-0.45,-2.92,-0.43,0.45
Interesting,1.29,-1.64,-4.33,-1.2,1.25
Interesting,0.17,0.12,-2.29,-2.18,0.18
Interesting,-5.09,2.28,4.43,0.75,-1.93
Plain,-1.48,0.11,-0.28,-2.44,-2.15
Plain,-0.49,-1.06,1.09,-1.93,-2.66
Plain,1.74,0.91,-2,-3.05,0.33
Interesting,-0.74,-2.18,-0.13,3,1.06
Interesting,0.03,-1.14,1,1.8,0.75
Plain,-2.23,2.15,2.52,-4.76,-3.93
Plain,-1.04,-1.7,1.22,4.22,1.22
Plain,-3.45,4.26,4.29,1.06,0.14
Plain,-1.72,-1.97,1.25,-2.38,-4.04
Interesting,2.92,0.44,-1.06,1.25,3.43
Interesting,3.85,3.6,0.34,2.1,6.07
Plain,-3.02,-0.7,3.49,0.74,-2.73
Plain,-0.45,-4.56,2.28,-1.88,-5.1
Interesting,1.13,2,2.38,4.93,4.73
Plain,-0.03,0.25,-0.74,2.17,1.85
Interesting,4.58,-0.25,-3.54,-0.03,4.18
Plain,1.76,1.17,0.06,-2.66,-0.03
Interesting,1.19,1.45,-1.04,4.54,5.54
Interesting,-0.01,0.51,-2.54,-3.16,-0.37
Plain,0.97,-3.02,-3,-0.43,-0.2
Plain,-3.47,5.06,-2.17,-2.64,0.41
Interesting,-1.18,0.27,0.57,0.33,-0.03
Interesting,-0.79,1.9,-0.19,0.66,1.73
Plain,1.94,-1.08,-3.31,-0.53,1.43
Interesting,2.2,2.84,-0.5,-2.86,1.49
Plain,-1.3,-2.09,0.94,-1.52,-3.03
Interesting,-3.38,-2.82,1.15,-0.69,-3.74
Plain,-1.15,1.26,0.98,-1.13,-0.8
Plain,2.15,-1.26,2.79,1.24,0.24
Interesting,-0.8,-0.34,-4.32,2.01,3.05
Plain,-0.37,0.28,1.55,3.9,2.4
Plain,0.28,-3.68,-1.76,-2.47,-3.02
Plain,-0.48,1.5,-3,0.33,2.26
Interesting,-1.35,2.34,3.59,2.42,1.52
Plain,0.62,-1.48,-4.65,1.06,2.34
Plain,0.93,2.9,2.42,-1.16,0.58
Plain,1.01,-1.66,-3.63,1.44,2.35
Plain,2.41,3.79,1.98,3.65,5.51
Plain,1.02,3.21,-1.94,0.56,3.83
Plain,-1.22,1.77,-0.01,-2.58,-1.15
Interesting,4.19,0.15,-1.83,4.15,6.43
Interesting,-1.84,2.29,-1.4,-1.29,0.45
Plain,0.84,-0.84,1.29,-0.08,-0.59
Plain,-0.9,-0.31,4.01,-0.33,-2.21
Interesting,-2.89,1.99,3.17,2.35,0.67
Plain,-0.85,-2.45,-0.03,1.66,-0.55
Interesting,-2.06,-3.29,0.39,-2.71,-4.57
Interesting,2.55,1.16,-4.21,-4.12,1.3
Interesting,0.1,-0.75,-1.95,0.32,1.13
Interesting,-1.62,-2.25,-1.64,-2.85,-2.97
Interesting,-4.96,-3.08,-1.1,-1.5,-4.43
Interesting,0.38,-0.69,-4.07,-1.91,0.42
Plain,3.87,-0.27,-1.71,2.41,4.51
Interesting,-1.47,3.73,0.32,-1.54,0.83
Plain,-2.56,4.53,-0.47,-2.27,0.39
Plain,-1.06,0.93,-2.93,1.48,2.41
Plain,2.93,-2.68,-0.75,-2.31,-1.11
Interesting,-3.35,-0.2,3.09,0.2,-2.41
Plain,-1.62,3.93,0.66,-1.61,0.24
Plain,2.89,3.08,-2.55,0.66,4.85
Plain,-3.45,3.46,2.73,1.37,0.49
Plain,1.75,-1.48,-0.17,5.63,4.19
Interesting,0.66,1.05,-0.63,0.83,2.43
Plain,-1.22,0.93,0.99,-1.19,-1.06
Interesting,1.48,0.91,0.3,0.07,1.67
Plain,1.62,4.35,4.8,-2.56,-0.21
Plain,-4.53,5.25,0.15,-0.8,0.59
Plain,-1.87,4.89,0.32,-1.1,1.36
Interesting,0.78,-1.36,-0.69,-1.34,-0.58
Interesting,-1,0.47,-0.08,2.83,2.2
Interesting,-0.28,1.76,-0.22,-2.02,0.04
Plain,-0.49,-0.81,-2.89,-0.6,0.25
Plain,0.62,-2.14,1.18,-0.7,-1.7
Plain,3.26,0.91,2.59,-3.34,-1.17
Interesting,-4.94,0.47,-4.45,0.93,0.75
Plain,-0.58,-0.02,-2.32,3.1,3.06
Plain,-3.36,1.97,-1.9,-2.12,-1.11
Plain,0,-4.16,1.23,-5.36,-6.48
Plain,-4.1,0.9,-2.73,1.96,0.84
Plain,1.58,1.13,-3.9,0.6,3.68
Interesting,-1.02,-4.28,5.55,-0.91,-5.54
Plain,1.89,1.3,0.88,-1.42,0.63
Plain,0.24,3.19,-1.04,3.98,5.42
Interesting,-1.38,-3,-3.29,1.75,0.31
Interesting,2.7,2.06,0.32,-4.9,-0.49
Interesting,3.79,4.1,-0.15,1.71,5.99
Plain,4.67,0.09,2.55,-5.27,-2.16
Plain,-4.91,-1.54,-3.84,0.37,-1.38
Interesting,1.59,-3.1,-1.1,3.18,2.23
Interesting,4.51,-4.79,-2.96,-3.45,-1.22
Interesting,2.73,0.05,3.11,-1.38,-0.32
Plain,0.3,-0.66,-2.48,0.62,1.49
Plain,2.35,0.76,-0.17,1.09,2.52
Interesting,1.03,-1.17,-0.01,-0.11,0.22
Interesting,3.19,-2.05,0.43,1.28,1.55
Interesting,0.94,-3.2,1.4,-1.9,-2.85
Plain,3.49,1.85,-0.93,-1.37,2.45
Plain,3.07,0.81,-3.79,-0.21,3.73
Plain,-0.11,-0.56,0.54,0.24,-0.08
Plain,-1.61,2.16,-4.98,4.56,5.88
Interesting,-2.28,0.84,-0.8,2.6,2
Plain,1.13,0.94,0.22,-0.83,0.63
Plain,0.33,-2.62,0.7,1.21,-0.69
Interesting,2.86,3.31,0.79,-0.58,3.27
Plain,-1.51,-0.72,4.55,0.09,-2.76
Interesting,1.11,-5.33,-0.11,-4.19,-4.88
Plain,-1.06,-0.01,2.94,2,0.03
Interesting,1.19,-2.68,-4.06,3.2,3.32
Interesting,2.59,0.22,-2.08,5.07,6.23
Plain,-1.49,3.25,0.58,-1.36,0.24
Interesting,0.32,3.31,2.28,-0.24,1.59
Interesting,-2.57,3.27,-0.86,-5.17,-2.12
Plain,1.02,-1.64,0.84,-1.41,-1.64
Interesting,-3.42,3.26,1.09,2.12,1.84
Plain,1.13,-1.28,1.97,1.26,0.02
Plain,-3.94,-0.98,-0.33,-4.08,-5.21
Interesting,1.13,-2.65,1.08,1.7,0.1
Interesting,-1.18,0.08,0.83,-5.58,-4.29
Interesting,-3.68,-0.43,-0.63,-2.41,-3.1
Plain,-4.59,-1.49,-2.18,2.08,-0.69
Plain,3.64,-0.84,0.9,0.03,1.26
Plain,0.11,-0.93,-2.45,-3.22,-1.51
Plain,-2.35,3.96,-3.44,-3.69,-0.1
Plain,0.24,1.34,-2.18,-0.32,1.77
Interesting,0.14,-0.72,2.32,-1.97,-2.23
Interesting,2.03,-0.65,-0.31,-1.74,-0.15
Interesting,-2.32,1.82,0.57,-1.91,-1.1
Interesting,0.13,0.17,-4.31,-0.48,1.97
Plain,-5.22,-0.08,0.36,-0.88,-3.21
Plain,-0.28,0.11,-0.48,-3.14,-1.91
Interesting,1.08,-1.1,1.35,-2.86,-2.24
Interesting,4.63,-2.62,-2.19,-0.74,1.63
Interesting,3.72,0.74,-0.53,-3.19,0.78
Interesting,4.18,5.26,1.74,3.58,7.44
Interesting,-4.25,0.82,-4.06,3.85,3.11
Interesting,-0.31,-4.46,-1.09,0.74,-1.41
Plain,1.25,-3.11,-0.76,-1.46,-1.74
Interesting,-2.01,-1.69,4.21,1.04,-2.36
Interesting,0.78,3.25,0.43,-0.17,2.32
Plain,-3.86,3.25,-0.01,-0.45,-0.16
Plain,0.28,-1.62,0.97,0.05,-1.14
Interesting,4.2,-1.47,-1.26,1.93,3.52
Plain,1.39,2.88,-0.32,3.6,5.38
Plain,-2.98,-3.64,0.01,1.9,-2.09
Interesting,3.73,-1.36,0.44,0.6,2.06
Interesting,-0.52,0.99,0.66,1.02,1.26
Plain,1,-1.67,1.99,-2.59,-2.83
Plain,-2.17,0.3,3.34,-0.92,-2.68
Interesting,-5.56,0.77,-0.66,2.35,0.04
